classe,intensidade_sinal,umidade,luminosidade
0,43.09739337559009,0.6684099633909012,73.39671155681387
1,36.192233938884755,0.3971136293106101,72.60472493641593
1,53.349119828589124,0.3555362954928082,64.60883133375135
0,17.929936988440556,0.7008649157151983,66.72190412247166
0,19.344955248337072,0.3729728036060369,74.47963938986973
0,27.2672561560489,0.6811770252000894,68.88594339201596
0,35.86228581628632,0.873804648788712,71.52968778598995
1,48.642526964918964,0.7880440441635072,61.08613547525632
1,52.75413178776161,0.4686688883693852,70.56579334774574
0,9.608312341590949,0.5453431252897032,62.5649442471659
0,35.779016815660924,0.8451447946098969,67.85283323697028
0,11.945267320741461,0.5403255563837419,82.93883498763759
0,20.458780169246914,0.7566848767585893,68.1243563861932
0,30.795461383842245,0.4161895383665627,69.01155296556584
1,41.60220841374492,0.6077771700896788,65.28141246461558
0,19.66857715438246,0.8552881762953863,67.04991862139316
0,21.01133408855652,0.5944898356352689,68.65278918921955
0,30.40135860747304,0.7921930532413118,73.3611638137669
0,0.0,0.6184875743602357,78.06055504683934
0,0.0,0.5342219637038893,69.13801819188267
0,22.619744135376997,0.7173403932911411,72.18216876619321
0,17.038091922420204,0.4913889947904273,73.01524209795016
0,17.804985879332516,0.7100554159595105,64.5567150088618
0,35.56031186859321,0.46837678723690757,68.58769912803935
0,19.94620406664989,0.5914506605637516,72.22816077283328
1,58.3535773634959,0.7598008796815151,57.90168997598598
0,29.29239718327945,0.8061311248264222,72.27775688745659
0,23.165035798633745,0.6782794679233959,66.03648237451503
0,5.584526084658954,0.8070964105003621,70.05533632588907
0,26.227992681748837,0.6248513954027914,67.20267451360462
1,49.53325651605279,0.5967068672925526,78.5504321132614
0,25.120166324126814,0.5957417583555847,69.20526697452331
0,7.019303851273122,0.40779495300804003,62.515458714372336
0,17.364123722656032,0.5037503381310927,69.45587157733681
1,42.574503067154346,0.8865123075871821,72.51783543500733
0,32.56902211789173,0.7507045578156827,65.75939994287778
0,10.718928150522416,0.6426953335471186,66.11168871140012
0,25.003307111789603,0.46567151522864525,66.80020023124834
1,51.37748520208153,0.6856683659584539,67.60293829079262
0,31.68561699451291,0.6487169215117016,70.71930192663159
1,45.3817627596116,0.4265841514880978,76.21851001410936
0,26.873969068060248,0.6693674249055122,77.71049516858758
0,26.485268804063647,0.24295193327355125,64.8686627567602
0,35.30190716535059,0.6775023926778441,74.58233632225486
0,42.03216410997575,0.5403949515699625,63.635224238258274
0,28.89710823505106,0.7042917876273577,71.53521989874828
1,60.83396105893931,0.6213828970939221,75.82046902872828
0,20.069849093781077,0.6242842675334753,69.09757814284848
0,24.154628737071587,0.8975904292197767,66.54022091070868
0,31.9832564451875,0.6289915449343704,71.89755080011241
0,11.425056363940293,0.14968992731793745,74.88919863036237
0,25.043984824005264,0.9074358435165875,75.77691538371019
0,34.097223368482275,0.4850797811126708,72.71506766087799
0,20.67179179506381,0.38008194092213965,72.91550685571072
1,36.06657917044399,0.21099810764057725,68.58743367853165
0,5.105460849015778,0.9858973874383069,70.76513157546616
0,41.384811207179574,0.2822748111376593,65.46604988673107
0,31.94845512548885,0.6757491822876681,61.097846019084294
0,16.1164801072095,0.8355607644765691,63.04287433635287
0,16.650250598432297,0.7965309726231302,71.50538080462184
0,27.60411223689415,0.5682124153520149,70.32075602385524
0,23.34146704939659,0.7137428063109879,72.50985974472052
0,26.785128926702527,0.8026910758711527,70.96960914159382
0,12.810039247916531,0.6446410048981985,74.70927547092654
0,18.94088713990638,0.5611972766671688,67.3174360638592
0,27.18912143477711,0.5634693233591667,79.38043237085294
1,39.104070271770325,0.417037798688749,67.38862376446198
0,30.20061796010417,0.7292804737571439,70.76155068614459
1,69.66636817739575,0.27934085655706004,67.84664716656509
0,5.66757046228064,0.5813797223078679,73.54940377008936
0,22.51294896370011,0.17905502792160316,73.1750752860436
1,51.40716763844716,0.7456290303715823,68.90290190815561
0,10.794332449933243,0.6880723412366399,80.63690583522313
0,26.207852825656374,0.6538249397122793,79.1269938179094
0,26.950835703115885,0.7951906158370952,76.81163544570832
0,27.49584027725263,0.7094821300336411,66.55561654570597
1,45.38073439505493,1.231244475389945,69.25056885319434
0,27.642790932402058,0.6723913644471334,69.30576507482905
0,31.716514527653594,0.7275240534122219,81.15203538301508
0,36.03031496474945,0.47624480440091754,62.09329723623082
0,36.08088936411456,0.5292873328943478,77.06747945841231
0,29.33771815281442,0.9477537863577976,62.616504404414194
1,65.78205874661586,0.39177307828685115,63.577249832369134
1,52.227404593414384,0.6482826643554145,70.56571053884112
0,40.00955531202829,0.46169077016890736,62.61254842943488
0,19.76418660378616,0.7290335436927531,73.9676802996392
0,35.044883715270394,0.44728857810835976,73.78976843216019
0,16.206723813710777,0.3012271127254313,84.00798250992366
0,22.26921859900652,0.2502392870947296,67.57641162302875
1,45.14125304595775,0.4170400906884201,73.92459329289069
0,0.0,0.2958693357191961,67.28122546829883
0,17.999748046192632,0.5601071430789946,70.09693723698071
0,30.295111748955147,0.8654017542185138,63.74913845003278
0,30.3616054465461,0.6612233780377794,69.10874136808977
0,25.11097267016781,0.44013593449343835,65.56612862558248
1,41.016785452884534,0.4427126615231324,73.0801304361622
0,27.10237711577366,0.815887596040052,70.97366496519328
0,15.506394701281506,0.6972954315131902,72.08173268104173
0,21.28161631291895,0.5956191624556878,66.7887952651426
0,33.913154517129875,0.5544158072247561,72.42174398994379
0,27.79343248563216,0.8795221140155127,58.53487472990052
1,57.21162668989068,0.8269300340191076,67.65780387118008
0,23.887275574746123,0.7259061376011524,71.83590712903886
0,22.372858671982037,0.6023286001625298,78.67779485290355
0,17.082562746394693,0.6162062635001182,71.42709580706249
0,18.16037551249827,0.6633658085053805,78.45835040888822
0,23.668597105169894,0.7126752764152999,72.3800685662935
0,5.085463627852953,0.6575966735504646,67.23021097422495
0,27.161930165108146,0.6695286940780711,68.47832298501365
0,32.483458055431925,0.6866516998824084,64.88499843264177
0,24.751189260041567,0.6576518779674476,74.32928226356016
1,56.54758071561674,0.5986735794922945,64.11215599795209
0,13.073744132077472,0.5594545915998659,72.8574980467176
0,0.0,0.07813949986546054,74.9763027238142
0,4.165741262772922,0.6277530832653958,61.622106827845734
0,23.77581536301586,0.4425093506461302,75.43430923453082
0,34.805330369360505,0.7929275970524332,71.96213968985674
1,35.22508084841583,0.7302740175023545,68.2795485102473
0,12.384725773602007,0.7090047172625558,62.20247488416558
0,39.93301293117476,0.7449221215143133,81.93714994638485
1,35.16459206655739,0.46689173935993356,80.23284101535027
0,20.438273207853555,0.599774397960305,70.45365860367278
0,24.891557619422294,0.6716444411519692,76.60241098583916
0,21.29109502139044,0.7655913050244887,76.46624129971947
0,25.422875091708832,0.9278152453652487,69.12959933270369
0,9.573391621152382,0.4476672465594984,67.82407083696546
0,32.499386172748636,0.6287438436637073,67.3868697554498
0,15.812370427782845,0.652365708759096,65.8769632590099
0,22.907626664806727,0.6449086495772455,63.20718701851285
1,55.52612951429529,0.4799285791844571,64.71182760592691
0,6.791098738287115,0.5608769510218422,68.60893746500463
0,16.31976164970266,1.017325525897678,71.45228147382007
0,24.971999009344955,0.44288475210571054,67.92633361234138
0,36.03633444867798,0.7442834297839437,65.064695756927
0,21.02400538533081,0.41999475326833047,74.14182623003207
1,49.093064414838366,0.8849238937954907,69.02812377865405
1,36.94638669741865,0.8712871834164347,68.29003671059269
0,38.575751748146935,0.4927510555303314,75.58825984144273
0,11.554254006558583,0.7827427416357748,72.09173578406009
0,26.27711723159201,0.5743787337022408,65.65594919367253
0,27.303695551668326,0.8638585140068654,75.60132126119403
1,44.17751079987943,0.5393131264194588,60.77125754373411
0,18.39961698683042,0.6281448423933584,67.70673235001948
1,49.466471518724035,0.47894316894053457,67.09250174288336
0,10.739305936234985,0.882619159791116,75.44360585834666
0,3.9995899463638978,0.6669365813263728,73.15611846059704
1,38.48633310339025,0.49568727906613913,69.35604393887812
0,35.27331385103004,0.5451049371176699,68.42482208445608
0,23.114123452454287,0.49511631067091755,64.86954516903224
0,15.884793642562522,0.2811064094934363,76.10079137368224
1,38.68489449350442,0.8256607874186862,68.10125706346126
0,23.67783838571327,0.8774585526633158,69.89551957070387
1,35.17294300823867,0.8190633172797332,76.06874339070107
1,46.3891364742556,0.434210561999978,77.05511313931818
0,26.056430340439093,0.5334970952670457,79.00422344583468
0,32.67258457333219,0.5617005173415625,69.79312206952555
0,7.206951430800448,0.6424772685321829,63.42393621956962
0,32.982622991356095,0.779429275756298,71.50551275979431
0,19.975148559222713,0.8039205182124183,59.56372524712481
1,36.22496977548808,0.7587856538956294,65.88248980448006
1,54.975974161331806,0.4611492647312199,67.0765763006425
0,17.13439061646043,0.5108540704216431,68.97604888182748
0,30.52201729994342,0.45311161328854666,74.20947106951895
0,33.382622030265075,0.6695843772952298,68.57882962911037
0,26.344382741877684,0.5137704522160934,58.90161460309487
0,32.838585041216746,0.5094145599641651,77.06144424625482
0,31.58079334966866,0.6395340304017554,68.78465873895821
0,13.28496728041915,0.35000642938392745,68.9505042830985
0,18.971279027147517,0.76077496790034,61.88296265703764
1,47.11597336304246,0.5779351644954878,76.5701228504609
0,19.468848874948232,0.8155455339652274,61.098601061996604
0,20.604296108752976,0.597656388559264,71.05938998267641
1,48.201894560547615,0.5366935201497415,72.07286263858948
0,29.076329765728808,0.6682892480988035,71.59757259712579
0,44.256612429727944,0.8520057992553327,66.66314774520211
0,31.493561384371453,0.6507711026203333,68.88334472919543
0,32.319083998174015,0.663859708000912,72.12506359307737
1,66.92567840891513,0.5371155401147433,75.39786895401437
1,37.65775491204956,0.5291824352543922,78.26065328568747
0,31.35941068814417,0.6886180551540503,72.34698316389068
1,46.691844826164214,0.5293511638956773,68.69706535636489
0,38.93096282341377,0.41360319382733207,69.54988463303354
0,35.93383104897943,0.8860570651637028,68.78233393839176
1,43.09680587583382,0.7493004626235946,69.86199838247389
0,25.884693406947427,0.7868981359281508,72.59669046374837
1,50.81321283391753,0.27398903069884384,67.65138624322981
1,46.027975593178866,0.20282608695416704,69.72400139776482
1,36.131928987154396,0.5947367092621743,65.7487505423129
0,32.242242563658685,0.85738627128612,63.261807603856745
0,29.522622362317612,0.451616218592525,74.87639841743035
0,25.987404991967054,0.33212475109470624,68.4938548173318
0,7.836930365647262,0.4491885523356579,75.35724604289562
0,18.759505061228367,0.9535497956024666,69.70877789165613
0,31.072164724447937,0.6614398228321622,76.55095340720499
1,43.85226030604587,0.7083846573690169,67.04404216118998
0,18.830905876273924,0.33809299452310837,66.83993861387053
0,12.241955970851443,0.2582319893822932,75.24266219062473
0,28.520494432053265,0.48431759770903715,62.82455671916408
1,36.41356058789795,0.5490312356921299,63.64469986438665
0,35.86232017771064,0.9589277405135326,71.32112050424702
0,3.600644666064156,0.9264547599334044,62.77601475279068
1,37.969499225205055,0.5497934458302991,75.19228513858587
0,18.4545328337838,0.5402240794604443,65.11850888151245
1,54.165756624429086,0.6344243457467261,77.7257868676387
0,4.917914859878316,0.41313456873661236,67.88970031095846
0,27.045802341942135,0.5158489239166937,61.256796817690805
0,34.46023446491797,0.6679153387342399,68.3394081781845
1,44.47880592749298,0.31423078206176686,77.96947993212966
1,42.20718608523352,0.28615326332462887,66.48208098704873
0,28.234087063694965,0.7972626643296512,70.66709313243389
0,25.52600106937048,0.5369260881620734,71.51208321329689
0,8.734146255676414,0.30971162091879395,74.25231557519601
0,29.444727450157565,0.6126293080941799,68.06521811168784
0,10.643772282857682,0.5448836256199172,64.44887216567838
0,26.695089544639814,0.44036184793574545,73.67498924726456
0,9.738251078084737,0.3421370622867907,62.611516193158764
1,47.40270383567347,0.5710492124819685,62.62792795381298
0,12.70148058728055,0.3919677968540769,71.10041257683781
0,33.77142140840927,1.0064923144500395,60.95346317473276
1,45.77561561565502,0.6830662615321843,61.00734337216912
0,13.247889133356193,0.7421311983235757,62.112277811082976
0,13.366826982156198,0.704045874075643,69.20723589893903
0,29.672994575877883,0.540995382594375,67.37722518938011
0,15.657453999776763,0.6736950772324316,66.87337825325734
0,36.739500904463654,0.8170240016828694,69.42596075439938
0,18.031443642027654,0.4060721884980024,59.41322373667333
0,26.64203343260069,0.6446859970827051,73.32092806324326
1,50.735725673992235,0.8016123682952042,73.69711175037065
0,34.82978997864707,0.2757251577860217,68.87214375483836
0,25.77603157471641,0.5417985779579234,67.93886339707508
0,18.369245717513763,0.4699895871494917,71.47931430181237
0,31.917677301507467,0.5151746464129987,58.42496678871015
1,58.49969977748795,0.5975385499554021,70.26075271876422
0,41.85869618576756,0.8603762164161486,68.00451537424384
1,56.69662819716933,0.2947320294777648,67.8482199739119
0,13.71103634800858,0.38119288234112925,68.6865133617939
1,55.11919245764592,0.7589426125393436,61.98660231478388
0,11.574511096940107,0.7972668998767,65.60912263863946
0,26.483541793859686,0.48351608352696285,78.04631560064963
1,35.874439407994494,0.3031469382818948,69.40417854890545
1,49.478671621102144,0.46766465436560256,59.857347369247066
0,33.61304096860232,-0.12688654488221707,74.96940468515363
0,3.9488593744758873,0.812096800957838,76.45117534972283
0,30.186279121763178,0.7517040368894704,70.92164306845409
0,22.31541874689134,0.5869235502626895,64.21640329864232
0,24.451640754074127,0.89475163506863,76.71690073112386
1,45.98073639467286,0.7925078732283596,65.39446101405923
0,7.942952056539884,0.6794434234897978,64.35563336679732
0,44.01390937628909,0.5723609818678546,74.54154865918925
0,6.266870763825974,0.6869252706418382,74.10002211852932
1,49.626569230636534,0.5863624091337948,70.90123769414082
0,44.802324643517906,0.7104245760815704,62.688629668525984
0,29.761714872451833,0.7334964817745938,70.32224314207292
0,33.77234707495819,0.7198543935356787,51.00324192077065
0,30.298951284960655,0.5352459506790594,64.76920828320199
0,40.1585983507142,0.30818130582095205,72.15818895949064
0,19.25014283947946,0.855938278273471,68.17761624976521
0,14.763375245942832,0.6279050407413227,78.38480772231637
0,31.874149613903768,0.5105133914001656,71.48382993143805
0,30.444185009420835,0.6313750146493671,78.32021429633728
0,34.04554521287768,0.7559969342886035,74.1004552854651
0,11.47066079329516,0.5836079396249535,75.69976115002876
1,57.77418667187534,0.6769895678426026,72.1734479539261
1,37.946793959206694,0.5191896305093059,66.87107725551172
0,25.232765580821038,0.5175111153887642,68.04003543337286
0,27.964208314998935,1.3263716556065521,59.874054488963075
0,15.968596402368997,0.606800142499317,73.08340864232719
0,27.578107887106796,0.6453217906480708,72.86061245786588
1,52.938226553685155,0.5810829616894059,66.33275770980664
1,50.79786246618734,1.0041975314142575,79.5693142501933
1,45.333078985792234,1.1006972302702875,64.14476581999276
0,32.07020312460878,0.7085174870616349,68.0899057128116
0,32.43342993210507,0.6261753016441384,63.63267265882642
1,49.128856093965,0.8976839402841179,71.58214337923721
0,23.328356844788075,0.43222936683599206,71.79348929555023
1,59.06902329927613,0.35113895873840995,71.34829158988866
0,21.31996214466261,0.5977220531307993,74.15526928406379
0,23.82311348067648,0.9438169726230301,69.16830540908272
0,28.517882592414978,0.4765486257435405,77.66360450162449
0,16.115534938357186,0.8273728563025315,68.68280105871605
1,43.02458009911892,0.7138439879040153,71.01054543863698
1,38.71409751623532,0.4468237464238826,75.45504355063933
1,39.21880339995934,0.6997062683783668,70.82754637655981
0,13.021808198279341,0.7889882998689444,67.12223851844426
1,53.32145280907602,0.5314870829143515,70.49141529093484
0,12.83371673229609,0.7916720846041686,71.45036758117807
0,29.923994878789323,0.8554008425508688,70.90475208620438
0,13.719993393391636,0.3935893740812718,68.66363102822635
1,38.480223563842806,0.26600742501186614,76.27551894495586
1,36.080053232836235,0.6271917400156075,63.65821666042113
0,26.881035239114652,0.3350015756797038,72.33125882570717
0,35.093253922940264,0.7388691066314194,71.85098617077327
0,41.20573593864454,0.4372176234291678,65.19524523798299
0,5.029206156188856,0.8384350288697663,74.81336653915874
1,59.87371907430738,0.8917343446166794,68.98549759089832
0,0.9041760993132719,0.6199434740504672,70.88075048876006
0,31.55286590725055,0.36979458870118176,69.57614616958288
0,25.773325947190767,0.5071826215005468,65.7517368244898
0,27.600085167388965,0.712992197152722,66.22992067688352
1,39.35672195040121,0.5000415273256067,64.58584583818555
0,32.89192268927475,0.918766656653775,71.65093030958081
1,37.796012701405004,0.48750336285693274,77.90978362059299
1,41.267281861343164,0.39789437013381745,81.48374500314037
0,9.96997137015654,0.7552172105234015,69.39397690753337
0,2.5789185775318586,0.6362558082578245,74.51534764376757
0,26.12834002429485,0.5418784533529227,69.09275647273492
0,0.0,0.6111681358469392,77.55811911616416
0,24.969469160621404,0.73203634299449,71.32029078716236
0,20.390793731573403,0.9336506494413547,68.31795008238755
0,26.19456038714124,0.16439587845300907,71.39674934547484
0,13.76436312026172,0.7898951445840747,69.20373361851941
0,8.238825136664332,0.4679104335860869,70.56982988601811
1,46.1086720153206,0.9403946927813934,72.4584375267905
0,34.7677364328037,0.7349651539292348,68.81934373953823
0,15.702180754982464,0.6335067433088324,69.72868511273207
0,22.20690339114416,0.6070364934597238,72.51662477445413
0,13.689482049736448,0.6834301364912526,68.52731738105814
0,31.591587592656207,0.3273047325267079,74.99044891371852
0,6.445472272239012,0.46777485264080754,57.788792639968264
0,13.026337423585375,0.6402041268945723,69.59563510489185
0,32.230150718145346,0.5168143644639587,73.81175481393569
1,62.021272065931065,0.6330784128210197,64.43750749990664
0,34.46507053236792,0.824563990837966,69.23402670794194
0,27.73220209839579,0.6966972169766719,54.800420849840094
1,53.77615664378022,0.4379665259022417,58.5109567798152
0,32.088306220301796,0.41146439955589964,66.72073724064079
0,14.080268401338316,0.3215088940818919,66.36163875401682
0,37.206540498055794,0.6945108149070107,73.30040971208265
0,27.266523894191785,0.32042405532964885,62.53750800012255
0,34.64001961662145,0.5454076489950321,65.27877256488425
0,1.9383724733534677,0.5135844226565243,66.0178123717239
0,18.888042074587965,0.4801262617008008,59.598820634500534
0,33.86616836809417,0.28583308918312184,65.48495942847111
0,34.337157782861645,0.6018332120651161,66.10159678834806
1,38.54624695232087,0.5791328639903944,69.79381212189901
0,13.946409297273103,0.7529893571063384,69.10895965152136
0,17.07436252725524,0.47086080013112935,71.60451210522169
0,9.467515332530255,0.6691051195526587,60.1118402506339
1,50.62737816744027,0.889098190919337,68.49138052799003
0,40.28442683950997,0.6201810547594976,65.56538065665184
1,49.0186245999003,0.4613517786768009,66.70970508434381
0,18.72104461166355,0.4925487395119681,71.29468007197636
0,3.2862926880650427,0.6941637213405555,65.89236293086505
0,31.03759448453045,0.6748182386466686,73.33959845937147
1,56.02548585424195,0.10526428817003564,73.4941223865226
0,11.570916800005495,0.7706894155302136,65.6109692722482
0,21.32993051795201,0.42668948157628694,56.42865106198697
0,26.4263159199864,0.42571073290662076,75.28267684462742
0,29.888564583421676,0.5734126739883015,70.42227176498729
0,29.711334536627525,0.4389193758644305,68.85336186298719
0,6.411627819836333,0.7394421571383685,66.08894332296788
0,44.26572146614597,0.8263674951029903,57.76734675565673
0,20.10499080966519,0.6513136733689001,68.5072771824114
1,46.23334777304037,1.1959087883691601,74.17434668332402
0,5.211906126389525,0.674890427812033,60.7407823898145
0,33.55070854871123,0.6366768837943729,76.48202593604373
0,22.467001081268624,0.4399124387054144,75.67810098630773
0,12.255315967019353,0.6751534065464446,78.11771144812873
0,25.92972917835175,0.61558268999759,58.13341304611212
1,51.80094200678073,0.7323139725914366,64.58973600650921
1,37.313625409474895,0.7588242979801998,68.16980343159878
0,26.992861062605552,0.2952268248387676,67.24596472605465
0,16.147207677365532,0.6302594000975171,69.95109808861476
1,36.549228629376934,0.7354291962256851,66.51988199824619
0,6.503825036097172,0.8003739221439037,64.50675100200732
0,43.82324816622951,0.7319152116050796,71.03591343533408
0,39.37868983651083,0.7119937587274969,78.9243784347501
0,28.942139535515576,0.5093835499443278,65.93587811379935
0,26.657188259167537,0.5362678175150872,71.32138346860303
0,20.1572570083827,0.8505980059053329,69.21888102868606
0,13.17236110337847,0.33491750605983445,64.4820393529041
1,54.70599769575903,0.1098791724690465,57.425358060121695
0,32.99245132629714,0.6717024402788727,71.12566785139717
0,19.72916205515913,0.4959621260055171,67.47573706363991
0,30.820893916674002,0.4184007558857079,66.2035979871346
0,42.28067407717786,0.5413301246762903,76.15890111843679
0,26.365446794498407,0.46833869875829504,77.84673782212225
0,29.481225662741494,0.41515283109445317,68.36217796874186
1,35.16921182563116,0.6043422159569288,73.98937450002789
0,28.67690631028008,0.45655172723903925,69.75791445603072
1,48.75348466002059,0.9196375738304151,66.99192689147434
1,50.91668371830495,0.6792138378926107,74.47856994838423
1,65.06415637650953,0.4882345414084603,75.49062013353097
0,0.0,0.5442072408777952,73.43715016135464
0,29.27312239304115,0.919901798744585,69.6414971406524
1,48.50126804151689,0.7601486198783652,66.9570977568456
0,24.44719030896895,0.47714291062151004,65.68340848014057
1,35.22494014704361,0.3937729809151436,75.15663714981703
0,26.853553200411692,0.7376344320365473,63.139004259860116
1,41.65607246578727,0.6691571509060776,64.9869409372175
0,28.638286176381914,0.2870649277809625,69.12873256431308
0,0.0,0.27057056616556896,61.016125509242016
1,55.195197867373984,0.7190529404170511,68.45563866585839
0,38.44958464709811,0.6097262968841667,77.43930727519816
0,41.39917093583648,0.4603930476291688,66.0915033576882
0,8.555491546753831,0.5238164549224523,67.25609007806862
0,11.86758932942162,0.8914631466639836,71.79147474449015
0,8.811243279628577,0.5670712835348348,75.47254317531251
0,24.98735897076775,0.9218615903077679,70.91037171225452
1,45.71311153821527,0.8554488319823139,73.12985877855249
0,31.9778389832788,0.6281244079507193,67.83753564339847
0,2.1802801241093483,0.42474562064337196,71.00522832599553
0,23.033683845817304,0.5961734342059508,76.33805144935225
0,24.259694550062594,0.838040802079262,71.04892668582521
0,32.727629746059634,0.8005733104245729,71.80332134477628
1,38.34926520647471,0.8378916448644098,69.8286716915171
0,17.579839530762513,0.4765444783314053,78.70092701255302
0,19.622845399290092,0.5627143871838853,76.48967311616406
1,48.31747217157631,0.599989912131988,68.20645617635658
0,42.28795267720977,0.45557478934139656,69.38138870577808
0,34.35254517825056,0.5741177292397506,73.21293530534108
1,43.73624815527662,0.9220550882624482,74.01158759209483
0,25.102414989318106,-0.04078307080336796,69.42209580393411
0,43.64131017853485,0.6580629683247781,63.79232351986728
1,57.502767338190885,0.35762992266772475,71.9848828256509
1,68.02044554563304,0.5222348692788961,70.52700921981636
0,30.975304403192663,1.0525866788931846,80.182038415958
0,23.35622129121109,0.4686692455718381,67.20487526063715
1,38.91033979038081,0.9169482377341365,69.65613249975023
1,52.56055827287784,0.5276832458464131,70.78731867364415
1,51.97437865827594,0.28232806568725927,70.45494474957091
1,45.95064491178837,0.8513829533950998,67.25028193012787
0,34.63340793511579,0.6561856937440271,80.22674021332033
0,23.16744060218423,0.4472220856541119,66.03223564165643
0,8.00192864614051,0.5109833861662726,65.3783836289771
0,26.097610347291557,0.523905620881531,67.8451954809903
0,21.82677061062177,0.8230991663909867,66.30277493783869
0,42.92642714127581,0.774150902022685,67.29907538566405
0,28.115092988819214,1.0182033534467783,69.8301139863373
0,33.909735721535085,0.4196360943014865,61.287430954305506
0,22.948464119999603,0.5095740847603358,63.746686196962315
0,15.301498397667027,0.6209567437078048,68.98936073874535
0,21.88900670237224,0.578248573950642,68.5678656113324
0,35.32691530306803,0.6528785287788007,65.37490460241652
0,16.765016206386164,0.9179036883319802,69.8642742683768
0,33.101760163655214,0.7892714782739442,66.3086484676841
0,38.36352194639499,0.5654222392416177,70.29162707128702
0,6.973772656369416,0.4199633084389795,73.22433030010086
0,30.913693975748764,0.4883716658378897,64.3601153161173
0,17.78981245076325,0.7331298710858581,59.57134858532863
0,11.337246905554409,0.5786971403250405,72.12431685335649
0,13.422714369960268,0.6627593358878046,70.04506128798539
0,31.93086400981378,0.5502256441604754,76.7949540341659
0,37.66312214565925,0.3357457438497155,64.45215213051958
0,15.259043121838033,0.5622550081656028,69.55935650315844
1,45.05269032526346,0.7248870542429399,73.14106119995952
0,25.281518942839384,0.5099926969956221,74.38476576342696
0,27.699325146445254,0.8965774456890201,64.5410576824238
0,22.290712017931817,0.6704016896172516,72.41662884035443
0,0.0,0.7350021276446325,66.87517296308461
0,24.883589186183045,0.34660694402359965,67.29821118194856
1,55.776380754049164,0.7325895256764982,59.100928220704986
1,73.3801037149853,0.6673728970155524,68.60259786667092
0,21.09379926008357,0.8499023382553242,65.03715753756715
1,49.1145344717328,0.8156816470283517,72.09218724129656
0,39.40683573424275,0.7418764058682411,65.01315494746214
1,45.39995918675864,0.34227826986002746,76.2993330061171
0,34.1832063951002,0.5136972770644102,72.52921429895672
0,16.92315484915413,0.7227891773303474,64.19841059147936
0,43.05718316441097,0.5312645194757634,57.01342144135984
1,43.96434333215679,0.7328760155948874,72.59402577011319
1,54.803511648127284,0.5578679084377446,59.83754243591825
0,2.2979128547870182,0.4355987948768906,72.06485527448497
0,27.948137701795396,0.6462919702338203,71.24793897653028
0,14.007091977155394,0.6348508973171063,66.43289098726304
0,18.238657789423698,0.28249441229971806,65.03106782877187
1,42.14650829187345,0.7524568436992956,69.44588078545198
1,67.7475326847481,0.5509375785494243,69.1384929880446
0,29.153247501844252,0.6822732812756092,67.18265811780608
1,41.426110553363614,0.6164321304493281,66.98497671590425
0,40.0245715325891,0.2078099747776967,63.58729063867792
1,47.57574603444049,0.6754415412359612,66.17772519909589
0,8.108126820693759,0.2480480920720286,68.56095144590931
1,43.23799913594407,0.4353121508679034,70.44727713397516
0,14.706979668481896,0.4341751608210511,73.74337756894305
0,24.192435403770023,0.6526479281778476,70.67804639008467
1,37.1449082979822,0.9798322277362783,73.39567471105693
1,35.71660726560973,0.8126613856304621,68.43772473783761
0,32.33785542237568,0.38252183637351445,74.53204330914151
0,27.683797374703648,0.23871304844769092,69.4868594148784
0,5.10667271195646,0.5398664397872249,70.37543501832712
0,18.107245108930226,0.8256067978662193,68.51628432699323
0,24.895449872444438,0.20682425989103465,74.54386448606644
0,16.28557905363965,1.0295228782469468,78.2040788474005
1,58.58157336511867,0.9102265304711854,67.59363017996256
0,8.315871191707444,0.6125067603319729,68.45114286666814
1,45.5562715513041,0.8398581532327996,73.77865383398317
0,32.1253550264129,0.8360085011504226,73.31646201179595
0,26.84235827050052,0.2953700311031467,66.31518386355975
0,32.84215245486758,0.6229163679537496,72.49682357404669
0,33.362925616630434,0.4439678025963708,73.32837765003231
0,38.69824220648852,0.4869897676424083,81.44435771369963
0,21.700398024175385,0.5868164396537633,65.98830631703783
0,19.290548805115762,0.5286723463870667,68.10488223096142
0,34.64318857474308,0.5723790525242032,67.21557929312138
0,16.56201489458047,0.7260722385459492,69.69050026574999
0,26.64553938419632,0.5130663127664057,66.41433829817183
1,51.352836690689536,0.9068809360008458,69.05501540811156
1,46.85367269623917,0.6557981349918008,68.49220611792043
1,57.067067240085166,0.3072231434162992,66.49368346304826
0,40.552781878051526,0.5807245970637371,65.91052124381028
0,39.2108251877885,0.6007745298338704,66.90827774153273
1,58.56266930319056,0.5819302518870749,70.3098314840849
0,14.213296149378937,0.5487269328576271,69.36443204281056
0,10.093792662813936,0.4709487875405419,74.13537173219844
0,41.621979111496444,0.5886608162448704,65.75281525842829
0,28.531510150773965,0.4693815212743817,72.24415955172704
0,37.409925396441665,0.4761523756127271,76.66805399619045
0,39.159810673888515,0.7260083523622411,68.9090282795871
0,6.736290129620908,0.4945617305703387,75.7964479890889
1,50.75532205899251,0.6296556211559238,73.32537102039608
0,15.082565374632072,0.4625180844905459,75.0974245562077
1,54.73601704143338,0.6038044101369584,68.04828808922547
1,58.74403033040569,0.9939398978684488,68.91565008906754
0,37.549067699145496,0.5309501424862804,64.93892300705573
0,33.909964580274696,0.6729318913308756,74.43455964279926
1,53.53004739595758,0.5560675961677639,74.60805152267869
1,46.37329217447644,0.5377157189051662,72.85285509125546
1,51.96830276891036,0.3848383420186302,71.9826789921685
0,20.57737428531715,0.8177109841969142,65.38757222768149
0,25.9799081548117,0.2397780117348015,64.20516322973761
0,40.89375838024699,0.9044503419080177,69.27827970474962
1,35.830101128703575,0.6877931518644175,67.37288873988325
0,21.692614986374565,0.6198048750349551,70.33314173897884
1,51.01134332865974,0.7885562126642433,74.40539280199745
0,35.483963438628976,0.6873847880596171,65.91152847542207
0,23.49168132425584,0.43340015482471994,69.36227654082327
0,37.30911855481426,0.41525562465660293,70.6602146830434
0,9.314436978716795,0.6166755049025617,73.23892717683071
1,51.3908781161747,0.6375851451451717,73.33663560957245
0,38.163959015397154,0.30277380803830095,59.460240243124176
0,29.5493748881978,0.8753953272037995,68.77928842321809
0,27.65373075666333,0.587197366715949,70.35274362330038
0,15.00000536993306,0.584161277565664,78.62540335145263
0,11.776142155541844,0.751466862702262,72.91948337020662
0,17.345319598895504,0.5793675969243428,69.08144151517102
1,45.172936032611126,0.4076619908816281,64.88039280904948
1,36.620152174768634,0.6383537020274739,69.77983158829507
0,26.78937784538004,0.5241357754940597,70.32959450781041
0,41.75930696409838,0.605381156575022,64.66048395195065
0,33.88847664229185,0.5262958705495071,69.24560542035084
0,17.85352215458456,0.45396985645820176,70.16006808159149
1,43.57408314235527,0.22469405953150773,71.78875581026915
1,55.446945501622075,0.3720532887557829,64.67103518770752
0,26.26339313434206,0.8405586726555636,68.91292870044454
0,31.0738037076081,0.5713239633210473,69.45746384682172
0,7.08788936554323,0.509816328614752,70.55597375862133
1,50.35069250171287,0.6448474327578759,71.92533966607635
0,20.865568016075017,0.4909769543099797,71.3621471770185
0,15.126234371980635,0.4580691691931119,73.16078651230978
0,24.406285613357554,0.5456605145009039,73.75865637059786
0,14.241906861291408,0.38517682889994087,71.85963023813619
0,14.841738493007586,0.5153461068809793,66.9553598339483
1,49.07519405011948,0.5590131200309428,68.79031902132685
0,42.340159490886606,0.5909294357187748,64.88931334746874
0,39.775109355064146,0.32144191090629326,71.24144198947715
0,17.060517658690443,0.8817860059115598,66.66910066871448
0,15.320650640977076,0.9046425950803667,70.58532348841301
1,36.44307972418857,0.4514621631241841,72.28386208496588
1,56.44425883678993,0.629513387945034,63.18414752908348
0,31.245875575985018,0.6975471484629289,70.90649003122878
1,54.514426891453496,0.8301624051550937,70.12162631070774
0,10.10127640977511,0.2941409238384932,62.48394932663792
1,46.40794581962385,0.7774773781251189,73.06695817720119
0,26.21406354350833,0.8550160970746616,63.970741968460246
0,35.18345506157604,0.6082552597939092,74.60806180682681
1,36.164385560647716,0.5584323919942289,73.04889988480157
0,29.623575901737368,0.6586645268207344,74.11912767024093
1,41.509391730240125,0.6279445385194665,72.9911940622541
0,14.205407438302121,0.7387975750431071,74.38983496728522
0,32.61175695109446,0.43953007601408656,72.4759472434866
1,39.99654168641329,0.5283529681799262,67.25997244594521
0,28.71112794537865,0.8900102121920473,71.33769858252414
0,19.798600172272987,0.660782632130468,74.73060760544215
0,23.050055675529553,0.7974758178696808,70.18443323470527
0,20.062457503675407,0.7935200232877845,67.3608962997671
0,43.66387332046983,0.4851381314363317,75.22431986702573
0,12.25817757613062,0.4984640332044457,65.73132359685623
0,19.764597494015884,1.0833555587582318,77.20938504114015
1,50.22631307830346,0.57894479871446,68.32680046675969
1,61.45695761154663,0.5750548970910556,62.85756144288864
0,25.11257641293779,0.4514563451780794,75.05501185079687
0,29.012360320910595,0.6836260215174482,58.84745961851914
0,12.711384951223433,0.47227426537820194,75.55993173167833
0,24.849309619173475,0.8701823679189524,65.74069957906993
0,33.544645228856936,0.6247662990250045,72.7310607448536
0,34.88273201594987,0.22036205546996457,68.86850181340694
0,38.52797786743892,0.35011587497523333,65.40990250361148
0,24.918461865052734,0.7909149933162037,73.97063600918511
0,18.602417252720578,0.7516893054238537,78.54135499008238
1,59.648389397892416,0.8335200399418486,70.91296581593184
0,37.47336049706528,0.45648990202640505,71.72414753091397
0,32.9597889846383,1.0945773860638242,72.2971949440896
1,47.970923678057076,0.6704959629152398,70.63691508632535
1,66.95485142087809,0.6590218993458883,63.07533935108336
1,64.26757406192567,0.30632811788081826,67.71914982388385
1,45.37382778495233,0.6063219152300169,69.00097287364817
1,46.246745270525224,0.72999864335512,62.653024672036324
1,42.221078797433314,0.5772455084481319,75.47455863766189
0,21.56876897010855,0.7530860854714873,76.42495128173587
0,29.935274622694518,0.38785430273752175,74.01062432533523
0,12.051585614243674,1.0656473589263369,72.64629761964335
0,38.203729265474635,0.7319813109108606,67.88828694985997
0,25.298728776268234,0.6597149464643016,63.15813732226645
1,46.01690883638649,0.6055781452291604,70.0093319186736
0,16.77384138587712,0.8282539698702043,67.94988163246137
0,41.357208431451355,0.6112955101178708,68.84003736556427
0,32.82829370899711,0.7665014153719631,65.34120694052886
0,33.45363152467524,0.44901813195189333,65.0829143845615
0,35.63856245835625,0.8623072546628912,71.86746041108513
1,35.90924433175348,0.5714111547489462,78.00258751762216
0,17.555093776227693,0.4029653607054824,70.56908394710703
1,47.78725797011268,0.7573335230467264,62.16979122062884
1,44.967058932733735,0.5517740026785646,74.62958677516428
0,41.627270811255926,0.5886599223371997,65.87229489047958
0,22.761876812764566,0.7032852706747473,69.71193040183262
0,8.937823869086802,0.5799176923505812,66.88176992213872
0,11.393417471628236,0.8028447546366647,77.14588557930058
0,14.525774978432246,0.5778115067474968,66.64059776515198
1,45.72927987788944,0.7153123332298448,66.75127368430144
0,27.73782618429829,0.6697764832648356,73.50301118413351
1,45.553650947806354,0.40100597296563867,64.48438870658003
0,20.917264353435073,0.33395129388816863,70.38953478301106
1,43.78312549515025,0.25426995480642617,63.77395404700975
0,14.912148120165593,0.5243900551072631,68.1728892760385
0,38.57672584648128,0.2935597513286238,74.84344419318523
0,18.780499725311316,0.6459781097875608,66.07525889283437
0,10.123779760549397,0.5870533969849681,69.72820565990247
1,40.739989797439364,0.47834866386852287,74.18395092638976
0,22.989921688396073,0.805072629746212,68.59756242454773
0,27.96422101153832,0.5865780792615979,69.25192939013078
1,36.2083503998325,0.6010581206100779,60.148385038687394
0,16.63224510275203,0.3148782813602154,67.4951926002522
1,55.63756944939722,0.2996247686184429,70.09488021978568
0,27.51859101509546,0.482348132787864,67.47379159159378
1,46.76063819532904,0.18019425701559783,64.58860120632957
0,8.422945596485764,0.638819910261702,63.06218521035531
1,44.06276120664211,0.6900491928463692,65.58058975021281
1,49.54707085652875,0.35410391168965455,77.11129342581596
1,43.53315270533484,0.4539457957649824,75.64355253444151
1,43.9555755588102,0.8823624880495606,66.7440476818845
0,34.109307704985454,0.3220117986591868,74.2466541311313
0,29.992302215776355,0.25367086729489186,68.58576151492602
0,33.201628120066786,0.6253765195127532,56.08151480572648
1,47.41234321223031,0.5521848885805097,68.87116475938593
0,0.0,0.8254755333702716,76.24567511043809
0,29.561802751901656,0.4518770633550297,66.17808626727333
0,32.768350224609456,0.4741632935905638,73.09569797570683
1,48.81952101769734,0.37758522139878303,75.70697205674593
0,23.498545879056106,0.5446242431641161,75.950596869854
0,27.664370705920927,0.8587034632818247,69.19003120285302
0,38.13146119808579,0.8839274977509517,62.36246386745625
0,44.80344687800423,0.40679522944655633,73.28842104310344
0,32.66356959012035,0.24650849731290247,65.93242498241918
0,29.496942455889847,0.6812673621648705,69.79943805048246
1,38.8285523076275,0.7125252588827389,70.4920806079545
0,35.85869768644757,0.5155904046927484,77.00391058128947
0,26.461139158488614,1.0926583226153108,61.453292994798026
0,34.168484329541094,0.8850314412423426,80.56887753176939
0,28.895883411630077,0.30296808342504605,67.92929428926426
0,21.44879586542791,0.6975757621235121,73.86490798992052
0,12.145303048802312,0.61869850351303,77.38334914620172
0,28.25316266655437,0.564887055839844,63.890959888728254
0,13.33323019591548,0.5441068931273749,74.8474605510245
0,9.12626541724384,1.0822148404972547,75.829658613205
0,24.423207199738446,0.6798353037382338,68.64729654187688
0,35.8369086414024,0.25977863981357296,73.50118826727402
1,45.87780615349457,0.4597615453545655,78.46667476395217
0,11.966263214773555,0.4039428363460509,72.28893182961748
0,16.10247234258765,0.5252624704432599,70.97953991636945
1,37.30170291053722,0.2952264510784024,68.40131102654635
0,17.59119915257392,0.6241195846420694,70.957339589821
0,41.775956381900535,0.4400149944738902,51.632506084005556
0,31.55506239408448,0.7479796946628017,67.61315986556828
0,34.4763364829612,0.8778441054764865,69.65006963418797
0,16.466758001629522,0.8026987908599583,70.39855329241314
1,43.394740918951044,0.46272894980852725,66.98337805887839
0,12.664104312253734,0.7842548189975154,68.02746322799507
0,11.176122965378976,0.09852673150152524,73.65509854658845
0,22.630809792438605,0.2367961920636602,63.67294487971414
0,18.27382250412186,0.7539531867560422,71.53076024545062
0,32.9562583384271,0.6846547808799879,66.44306835276112
0,0.0,0.5724850467481108,66.98594379833744
0,31.01849399571054,0.5784545860864082,75.83503729970245
0,12.646102668856805,0.42850315304244335,72.02038082969594
0,22.097098981742295,0.4059754379080804,77.35227124248019
1,49.432934276639166,0.5220777139073641,63.04506566838785
0,34.024487548543384,0.6394292551635021,71.07208086207392
0,27.09615172055545,0.8390908205885326,61.58735825208537
0,21.71823445986992,0.5025032772106176,71.60384756541013
0,18.533143536688797,0.4806103903817964,74.55980274167628
0,40.494745557913234,0.9810848617861561,72.16919788161748
0,28.551034961074826,0.3993089085628282,65.47429523514256
0,38.713738786718245,0.7455874865918273,70.15564742985076
1,51.181183948366765,0.7033194867284382,67.47067996326751
0,19.635051445621393,0.45448650055034717,76.89564585351116
0,18.60981040785801,0.4671534996188003,68.76344667387193
1,55.35509521183711,0.8555055515391312,76.80911057212823
0,9.19444624285665,0.6082896735365807,67.76387540823313
0,17.001352070624428,0.619882677815419,68.52049562156127
0,11.71297795970695,0.31080670125785825,72.11187908392876
1,49.69567003481247,0.4118530964693796,79.51878104490719
0,30.310370702589513,0.18591454611397407,74.29766262274697
0,22.37428032350935,0.41497944496805533,63.924139311334514
0,42.99170826794201,0.48083235359691473,73.8103725021399
0,25.14320334158014,0.92171242564814,66.78647534643456
1,46.895091761668155,0.8374451685120231,71.33058771788717
1,41.53259654803212,0.31063426387839155,75.8215462629364
1,47.33734766801956,0.734649257256843,76.29785685994774
1,57.58305025758776,0.7972307076569738,72.71105683542949
0,2.6220717463530505,0.8910733411471905,68.73113369328632
0,9.832502123907911,0.3515758274572506,72.29050584486536
0,31.62139047366567,0.2628836412371984,77.53265984102414
0,23.026269449720154,0.5401529628249552,81.58798446889662
0,30.685824409318474,0.8381742352278676,78.14248877205861
1,35.26431669725157,0.8570273510286228,67.86554779014796
0,24.897322841820944,0.6251084082868952,66.23620451732286
1,48.153466752068,0.3902940461338885,78.8178266173101
0,21.568439222733847,0.6088581840843234,66.80726313191406
0,29.391722571239114,0.5218239272121069,70.9096198035537
1,37.29087228715509,0.808892982942381,73.98209478164522
1,39.16375848209123,0.6319290450533487,71.62527738560539
0,37.04622373537716,0.6399663695058446,66.67975467356952
0,25.72386974290396,0.3970557048110607,73.93525366720425
0,34.7517257895782,0.4972546779920549,65.2684062078629
0,8.108619942616727,0.7478031775776429,66.7231036603214
0,30.89402048497197,0.3334840272958747,74.85602293758163
0,26.31493038015649,0.10518136475731965,69.19757961190658
0,29.723316005241706,0.4980751536349114,73.54178668289134
1,52.365767482068904,0.31330442255397434,84.8504988149572
0,18.548418116225882,0.8540507542864789,67.70794788311358
0,26.85278189203389,0.5567820469931213,69.09171046814701
0,34.789169834737,0.614405918433823,60.87155898442168
1,37.102062821749335,0.5988007702974855,68.05852839675507
0,19.805253566250503,0.404691473230833,68.037121872338
0,25.8653201499826,0.8232193812629597,73.75922988197752
0,23.565218489190176,0.620626980114742,72.77535425672386
0,30.410319621413663,0.2964100035791187,62.48989599452033
0,19.121379633333383,0.7204842507081566,74.71423586635106
1,74.95172621074322,0.7649233374168976,60.31505508086646
0,18.41313201750291,0.35381836595361316,69.83948999169276
0,3.9441119406021414,0.6798761613602105,76.6378866951738
0,13.99232059380807,0.3329070162967089,72.85116225532379
0,42.09303483818337,1.1980195319552176,71.83829721856891
1,42.91582482364943,0.5509345825530658,74.36558528096049
0,26.559523969724232,0.6567659073865579,61.161866119692796
0,24.775819361816374,0.2962835119245228,60.577064571928396
0,17.95208209765288,0.6526235905669509,66.78602663898128
0,23.725424756415983,0.9751550826905393,71.4449077468761
1,54.364585920691866,0.727757616162292,73.0920780672738
0,18.3071235836655,0.6505048966024833,67.75281495068491
0,22.709336743135218,0.6017306775723283,71.9024787723498
0,13.624184772894704,0.27278957208873045,66.36169920904369
1,43.627375147519295,0.5034382264937982,70.52886321678282
0,0.9529370589872066,0.526527860181775,73.59826048272221
0,42.23094196967513,0.49714776365380103,68.05060054787232
0,28.371322439602544,0.7668537235360697,80.86054795257566
1,44.31749423550603,0.4051975666408807,67.84657613565737
0,13.077467403922,0.31399160893900935,59.36740950872988
1,46.671495594800135,0.54057042027116,76.19881959132061
1,36.71454998602927,0.3057688138260447,64.47945779164075
0,22.22456736489113,0.5088395114336727,74.93296989110138
0,11.161286903652066,0.42933327067544896,72.69372848697745
0,39.79882847516589,0.4598926350613598,78.67672684820397
1,36.789951621151076,0.2558802989159715,71.81544971761177
0,30.944873923421916,0.8730203778420607,72.25012699286192
1,50.865801915398634,0.47675140910124636,71.01045271672054
0,24.477723437517618,0.6929017110628917,63.97486521702111
0,37.337568953858614,0.14751053567965156,65.87552571591439
1,37.174488962850035,0.5659904327964189,66.26207273157867
1,49.158338478116264,0.7765269497879996,66.73479627278408
0,32.228804009361816,0.6660659382385868,75.91112713066188
0,19.9077643815639,0.4575411922890014,73.62879183731387
0,0.0,0.6162048258884114,65.71963450646594
0,15.891011564367162,0.5863572404169998,70.01364132001696
0,41.83045043836037,0.5643941445130282,72.91359251795652
0,35.44505335132169,0.6411803046445207,71.94289582883818
1,45.86442467995636,0.30542255655935147,71.2413093659312
0,9.85832370490635,0.7546058242110741,64.40673218807581
0,22.739221085448726,0.5118932721743283,66.93832073709618
0,42.50575603506594,0.3749183668147913,64.27327108530312
0,25.224249262366037,0.42528728606230803,71.92442330164565
0,28.64940162914256,0.522801417429211,69.50765183175999
0,31.747814114575714,0.3951031580114236,70.11202213462029
1,48.99279639259476,0.40069483688161844,74.77933615538174
0,19.630588798105702,0.8624959114353955,67.02226007165395
0,21.555071104875886,0.6721818637353155,68.91433144656088
0,13.177675825993767,0.7530692503797033,77.45464381597199
0,22.699171126293578,0.9156501599990398,68.23697508383798
0,21.389235618724435,0.6591193076764724,71.59485687912665
0,10.880984880231146,0.8355067437229019,69.94989745339898
1,37.51982755961939,0.683944641371195,74.65833726839666
1,47.48859471112398,0.5888208295892783,65.75577211096613
0,25.19526573733379,0.5540129054852717,71.25101015372483
1,54.97958540312057,0.4141191897486546,72.50068307239117
0,0.0,0.8730557577708774,72.63748568286185
0,1.2764128232949297,0.43775550385814344,72.43519617735716
1,47.75812454183587,0.395681918569632,75.63617715503551
1,47.241078697762,0.7612458612704482,80.25684129242973
0,18.335220629465905,0.6878259860425677,68.32195291019042
0,32.305216051053435,0.7587128377210026,67.44783177893585
0,44.3518346289119,0.5099851651930484,66.46948130458786
0,22.499818042987748,0.24225118251548755,72.84934693473235
0,35.127547033297304,0.9730126159176551,68.28842162833327
0,12.574772649751846,0.42438477879428516,72.20850465724108
1,42.801569444671166,0.7808887763846064,62.07992108374916
1,45.32095560858009,0.9458827613400638,57.08514566252991
0,33.51977124611579,0.5691975138041976,70.29007693610463
0,41.0264354373899,0.41768801870641403,79.9885723348515
0,11.850414330810118,0.6100197193726923,71.3210995065607
1,49.06083887936772,0.8010727523367753,74.91031695408434
1,38.085376770892545,0.5860997800110522,69.71355454439762
0,23.368488464289673,0.5497782032321985,69.49333802536935
0,9.545267944474325,0.44795401283473935,69.02936042133774
0,34.50103354312863,0.7233388090895595,68.81067334595774
0,32.559245820864554,0.9288381059708966,72.46626663900425
0,27.2608880863075,0.6025440983490609,69.72556615509401
0,27.453804688720556,0.40226572151910667,78.53745689521506
0,16.244613609043522,0.6518392101274606,67.66085800517114
1,44.09538473903001,0.7927168257325292,68.39289420533986
0,35.996730071856454,1.0306755011014572,65.33580313914075
0,9.330611442038936,0.4741371510549064,69.46099596935828
0,31.05557917947778,0.5868812383077765,80.26672877853181
0,16.02277572329987,0.7537555670132352,75.22273440071427
0,4.247531929880541,0.3306959381058779,76.95134141189492
0,27.247577185932947,0.6714746077535002,75.68570798790584
0,30.61643154119821,0.4017775429349957,85.24525639297443
0,17.40422076403715,0.5745054653928323,70.86479340152088
1,39.60853144093591,0.38565037380041267,62.95223129894542
0,0.6234767779023969,0.5657566296492436,69.27327150583832
0,16.76193070036188,0.712279885651588,68.8970159948172
1,40.91943924362579,0.4135273107945072,69.40966627286093
0,33.40250225180875,0.7255061863617368,77.37115934645442
1,56.41306739365295,0.741722875016042,68.4946772313925
0,15.389027044771908,0.17488502952380958,71.31893794631394
0,29.632657439259496,0.4740292144477999,68.65395540434534
1,39.13143551832801,0.33343926848420874,61.542091287342856
0,27.40988657211034,0.6014348829232119,65.65834386223766
1,48.6376355971111,0.7066158295012197,76.44937138869534
0,22.5806044562897,0.8818323333697656,66.22639851047069
0,18.974571901733764,0.7754097200002166,68.88227306299778
0,36.853543910390556,0.5130340710743688,79.85797477166491
0,18.2864193150336,0.8667341326463482,77.04203402805271
0,0.0,0.34625214273853755,67.30338506323056
0,25.81015564134302,0.4978135781820803,70.80012733410793
0,37.52635623334741,0.9560917024253592,78.81603379064957
0,17.419787531217864,0.8793183413818098,63.67866611793558
0,7.36582275139936,0.9301085856967499,78.55265775918684
1,47.5548638758917,0.7265606355974792,68.43014487202585
0,18.46591698205558,0.3653658466166195,80.79496599515106
0,0.0,0.3640280248762797,64.09383450702018
0,16.937726094745074,0.3999228128331065,72.08157477749938
1,35.270678485625595,0.9290491209190556,66.35171815191107
0,30.167794639552028,0.41243039506417345,74.04768610234335
1,39.090059272007956,0.6706544815023787,67.66486580933768
0,1.7890355849014803,0.5840070279059929,61.228333493902866
0,14.606710751338763,0.5387568665210233,74.20372077869675
0,43.03042157416625,0.8696737249755682,69.00871716700263
0,34.56548319951633,0.7418265879078754,69.67528115311592
0,34.97501060955953,0.7037292363880456,70.25219726544151
0,27.675587077503323,0.7140388779522981,61.88260601279352
0,31.068071409049605,0.3483385923187558,65.49315734963156
0,26.806141144935392,0.8109514346522461,72.076174428959
0,19.714393068703117,0.29025140058937715,69.0172459718314
0,1.904311517258531,0.7020945192651585,72.36814338267706
1,35.80051927992882,0.6162272106305349,63.37734118412056
0,15.908150202275698,0.6890838556026473,71.35210370254069
0,13.794737084052183,0.9254342003419773,72.50970366907252
1,50.978856701538874,0.16938623328291214,65.42618084169416
0,29.474463369653883,0.5362658089433348,73.90694026391623
0,26.834894413665364,0.7550960494669301,65.45669549716123
1,42.78072752923819,0.4001175502122849,67.7856135223009
0,14.175051547011638,0.6701880806777922,71.46815521728522
0,9.48793073015484,0.8528346308924586,61.842790041577636
0,41.72655725290805,0.6500751081868077,64.86494657772192
0,22.232800946887807,0.8145738139184275,68.40562883833685
0,37.85853731555231,0.9296836662298197,72.89164633356589
0,25.710233009044074,0.3451862182403443,72.83351308579505
1,50.55124327014057,0.5783354742574731,71.73014355632829
1,50.68516072105826,0.3563904051958729,68.0900670260253
0,28.51522140127836,0.43686125397738523,78.36422421555555
0,12.06738239977155,0.8753387125971281,74.82626268898406
0,28.76326825434103,0.8552546658006922,65.00052128813894
0,30.98310163802776,0.6281738540063398,72.39759230875457
0,44.64554936394638,0.5271503647132236,66.72899825201014
0,25.141775735600785,0.6568332196293631,68.06827311539003
1,45.93466953904381,0.5594678514545961,59.44089956562535
0,18.853641140872924,0.6523602839808822,68.2882134345838
1,41.969592654941145,0.7322475404259023,75.343387850786
0,29.551724845176985,0.570907225319984,71.87712896529403
0,29.828248621881375,0.2614080257971322,73.82888853974353
1,52.289076125234224,0.7840385363168715,70.13431763322627
0,23.85325683107548,0.45055198510740746,66.28399051478603
0,43.613845811430195,0.8203624804673635,66.10763689538828
0,14.332416115502886,0.4684149324736129,64.08111252163667
0,33.69104147439412,0.5219386442100407,69.7294801858549
0,23.818084668488993,0.5587681284855393,78.44295844833502
1,47.454669882166,0.6062652779087129,66.62168988280676
1,38.732007142488264,0.31867052388090006,68.3982974241647
0,23.04609357907472,0.4324341604773578,71.62989232329365
1,54.50727837930617,0.3939000650592648,63.88249571558012
0,36.229474927014664,0.5291695420903046,77.06634329970912
0,34.34365372985958,0.6337498119657456,71.8185348692377
0,26.950241242052044,0.4286889984033242,72.09804672805328
0,28.099993198645485,0.6246181667860775,62.75443888913156
0,26.632917510074208,0.8457531472391717,73.39216608426766
0,32.04777688647198,0.7851543779583418,70.46654279139786
0,28.295279254560935,0.9864675986513189,80.0133383138644
0,7.957030254082618,0.6502622976459161,70.53321615826627
0,35.27518493291106,0.12301836344562378,67.24895697576844
0,33.774849821155925,0.5431631015865346,73.70218239096879
1,55.97260108472501,0.9347359281733387,74.1248261790471
1,42.246242261846376,0.20345879343049889,66.97852768086055
0,15.114135940408831,0.7180565666697654,74.63821245604426
1,35.45574323583845,0.5933000352990917,76.27466842222051
1,41.65146686799234,1.0231259855394457,65.82611616467997
1,57.3487548970768,0.5480821904036424,66.24513088174722
0,9.942211228027404,0.6611542005207552,72.77702394057599
1,35.43791118830076,0.7537097150976376,66.19444221235148
1,50.43611472988371,0.6726747875830512,65.91653311525624
0,29.352836371776093,0.7544018432599418,62.6706463928184
0,27.903054907911585,0.25963792316896206,68.87127059021839
0,29.18473919600614,0.5291491764279797,68.57963428895803
1,36.8696714276009,0.4444681147727174,73.442376736324
1,47.33753346832562,0.5850397675303369,74.72113763479447
1,39.84732469385921,0.5165508533242444,69.5642025057731
0,11.736327654920444,0.8316095738381521,73.55386948730663
1,45.13372457692595,0.9959513796552663,78.52371725540434
1,41.72255056665967,0.7418354620977863,79.68546720150036
0,24.134694422064808,0.5281706887481207,67.6148109606657
0,21.07890532959336,0.24770186980307657,61.76067440663129
0,35.8055703868681,0.7113567223991392,69.33972442437296
0,27.991837545456413,0.2834831269152009,68.48141511317435
0,27.475012019247526,0.5459348964656526,66.12793669783377
0,23.544129353829735,0.4600427075369407,66.6834022887993
0,10.757594843204053,0.6628626419511607,78.84277250921744
0,13.668284175956352,0.5291022151230796,66.37133557711991
0,24.10112603919635,0.40038333955334315,68.77209738120499
0,41.704455699604765,0.42879745217991655,63.33635823927906
0,1.382129370337342,0.74525390401866,69.97362811437603
0,8.756179562332903,1.0578197152055997,71.79587533260815
1,59.507147494664665,0.3884973371975973,61.83369133215783
1,45.61784519048407,0.40509542654930075,66.74313285292652
1,50.637856548628136,0.21993760875633145,75.03923881799454
0,15.149562861390422,0.9101690097612585,72.67437609539462
0,19.620556100273426,1.0050182692958038,67.58631653084463
0,34.50771884257612,0.31847222777831485,74.26173139954456
0,32.96032128079054,0.19839544282060484,69.06039098665497
0,25.722225403811237,0.6073865684177574,79.48414866286116
0,6.128606042137861,0.8696700138017124,68.59827892157956
0,22.7051574042374,0.5050711651252684,63.907141775919676
0,30.67672019701245,0.6044682972227559,76.22173536660469
0,22.890763421911345,0.7662339918989012,56.235549096606725
1,50.115192531505066,0.4618927457251759,80.86395924281936
0,18.58262790754351,0.6982433350716729,73.04445380259298
0,27.15064455079623,0.3737818134281675,63.6376989552803
0,31.790526947180737,0.31548514161585683,70.46929466893472
0,30.491379960537763,0.8432763067026128,70.94834784995344
0,8.917321086301719,0.3807651192237844,73.49135897621228
0,12.79584164995169,0.4471721980277509,67.75957995940449
0,42.766497356813815,0.574306085988998,78.04195595095759
0,28.26863721515661,0.47353615796691007,79.33252489642166
0,25.422876267172043,0.6798068204808972,69.77631576838162
0,32.42256807390011,0.48493954537722134,67.36739563173323
1,41.77173765545277,0.27495080094052876,72.42048242366266
0,11.396734086926188,0.6645140868452445,70.04724381831895
0,29.867973107543353,0.8196496922787225,73.65344059559312
0,28.65180403554743,0.6043543407208839,67.16109841496765
1,49.102009738280714,0.7602811069175657,78.63081449770053
0,15.280549933034386,0.5920537649330663,68.97939121231137
0,23.766835424319147,0.7100190544250577,72.72113533764333
0,9.367870936250135,0.5678177343832911,76.02249874003361
0,26.261442306190336,0.9056442128313893,66.74442341797638
0,28.868199024457326,0.28609888114680343,64.08072690137509
0,23.042901872928535,0.567101024535901,78.45407668464847
0,14.143920145153812,0.5904815423887297,72.5504518308205
0,17.361327936657744,0.8286132461581134,70.97255852767603
0,9.75823277563828,0.7020514029694513,59.73330678466792
0,20.201509042303755,0.3304350792268482,76.3615559542243
0,36.99635218080048,0.7861582987534917,68.65615219514744
1,38.023425334090234,0.979164865241501,67.40528191373431
0,38.38591235775527,0.3792577411783352,64.571035423424
1,43.37513996716005,0.921558481295845,69.40662613563703
1,49.32451312877015,0.502557885906439,64.01905519821099
0,30.464053206706325,0.6858551942013347,68.2683123210231
0,12.856214636432355,0.7283006986525115,58.51322977164874
0,43.37514711455907,0.3977380802840349,68.82680718538171
0,22.927618336799053,0.8988117404872837,80.45060694086408
0,21.84268799911826,0.6889816244353432,76.48097513925113
1,43.78493270358411,0.5790797079360958,75.88235733620145
0,10.330588278026948,0.641240941439401,68.5850016693338
0,19.898754129390774,0.599802366607106,65.58244935903242
0,33.49648996676355,0.7897548829418606,65.37615779857441
0,26.853897362031383,0.7158621002164616,60.89143669650667
1,40.61326363094041,0.9439315627668341,72.50095130412055
0,27.972347148942973,0.4693833056046579,73.2645234129233
0,0.0,0.5678153163356972,70.55335817262733
0,41.01991723163831,0.7089893574583346,77.72410071902979
0,33.703622256462545,1.411919934105461,70.27837278013051
0,32.775105617997525,0.9062990791999955,77.37497021325147
